手機型號,空機價格,二手價格,上市日期,經過的月份數,處理器型號,分數,RAM記憶體,ROM儲存空間,記憶卡,最大擴充儲存空間,電池容量,主螢幕尺寸,主螢幕解析度,主螢幕像素密度,主螢幕材質,主相機畫素,主相機光圈F,機身重量,防水防塵等級,3.5mm耳機孔,鏈結
HTC Desire 20 pro,8000,,2020/06,0.0,Snapdragon 665,27.6,6 GB,128 GB,microSD,2 TB,5000 mAh,6.5 inch,2160x1080 pixels,372 ppi,,4800 萬畫素,1.8,201 g,,Yes,https://www.sogi.com.tw/products/htc_desire_20_pro/15426
OPPO A9 2020 (8GB/128GB),8100,6990.0,2019/10,8.0,Snapdragon 665,27.6,8 GB,128 GB,microSD,256 GB,5000 mAh,6.5 inch,1600x720 pixels,270 ppi,,4800 萬畫素,1.7,195 g,,Yes,https://www.sogi.com.tw/products/oppo_a9_2020/15118
vivo Y50 (8GB/128GB),8100,7800.0,,,Snapdragon 665,27.6,8 GB,128 GB,microSD,256 GB,5000 mAh,6.53 inch,2340x1080,4 ppi,LCD,1300 萬畫素,2.2,197 g,,Yes,https://www.sogi.com.tw/products/vivo_y50/15413
SAMSUNG Galaxy A70,8200,6933.0,2019/05,13.0,Snapdragon 675,34.5,6 GB,128 GB,microSD,512 GB,4500 mAh,6.7 inch,2400x1080 pixels,393 ppi,Super AMOLED,3200 萬畫素,1.7,183 g,,Yes,https://www.sogi.com.tw/products/samsung_galaxy_a70/14694
SHARP AQUOS zero,8500,,2019/01,17.0,Snapdragon 845,63.7,6 GB,128 GB,,,3130 mAh,6.2 inch,2992x1440 pixels,536 ppi,OLED,2260 萬畫素,1.9,146 g,IP68,,https://www.sogi.com.tw/products/sharp_aqous_zero/14252
vivo V17 Pro,8800,7500.0,2019/11,7.0,Snapdragon 675,34.5,8 GB,128 GB,,,4100 mAh,6.44 inch,2400x1080 pixels,409 ppi,Super AMOLED,4800 萬畫素,1.8,201.8 g,,Yes,https://www.sogi.com.tw/products/vivo_v17_pro/15187
HTC U19e,8800,,2019/06,12.0,Snapdragon 710,35.7,6 GB,128 GB,microSD,2 TB,3930 mAh,6 inch,2160x1080 pixels,402 ppi,OLED,2000 萬畫素,2.6,180 g,,,https://www.sogi.com.tw/products/htc_u19e/14908
Nokia 7 Plus,8900,,2018/04,26.0,Snapdragon 660,29.3,4 GB,64 GB,microSD,256 GB,3800 mAh,6 inch,2160x1080 pixels,402 ppi,IPS,1300 萬畫素,2.6,,,Yes,https://www.sogi.com.tw/products/nokia_7_plus/13760
ASUS ZenFone 5Z ZS620KL 128GB,8900,6500.0,2018/06,24.0,Snapdragon 845,63.7,6 GB,128 GB,microSD,2 TB,3300 mAh,6.2 inch,2246x1080 pixels,402 ppi,Super IPS+,1200 萬畫素,1.8,165 g,,Yes,https://www.sogi.com.tw/products/asus_zenfone_5z/13774
OPPO Reno2 Z,9200,8018.0,2019/10,8.0,Helio P90,,8 GB,128 GB,microSD,256 GB,4000 mAh,6.5 inch,2340x1080 pixels,396 ppi,AMOLED,4800 萬畫素,1.7,195 g,,Yes,https://www.sogi.com.tw/products/oppo_reno2_z/15092
Nokia 8,9400,,2017/10,32.0,Snapdragon 835,44.7,4 GB,64 GB,microSD,256 GB,3090 mAh,5.3 inch,2560x1440 pixels,554 ppi,IPS,1300 萬畫素,2.0,160 g,IP54,Yes,https://www.sogi.com.tw/products/nokia_8/13441
LG G6,9500,8999.0,2017/05,37.0,Snapdragon 821,34.5,4 GB,64 GB,microSD,2 TB,3300 mAh,5.7 inch,2880x1440 pixels,,IPS,1300 萬畫素,1.8,163 g,IP68,Yes,https://www.sogi.com.tw/products/lg_g6/13108
Sony Xperia 10 II,9700,9200.0,2020/05,1.0,Snapdragon 665,27.6,4 GB,128 GB,microSD,1 TB,3600 mAh,6 inch,2520x1080 pixels,457 ppi,OLED,1200 萬畫素,2.0,151 g,IP68,Yes,https://www.sogi.com.tw/products/sony_xperia_10_mark_two/15311
SUGAR F20,9900,,2019/04,14.0,Snapdragon 450,,4 GB,64 GB,microSD,128 GB,6000 mAh,6.26 inch,2246x1080 pixels,398 ppi,IPS,1200 萬畫素,2.2,210 g,,Yes,https://www.sogi.com.tw/products/sugar_f20/14721
Apple iPhone 7 32GB,9990,5124.0,2016/09,45.0,A10 Fusion,50.9,,32 GB,,,,4.7 inch,1334x750 pixels,326 ppi,IPS,1200 萬畫素,1.8,138 g,IP67,,https://www.sogi.com.tw/products/apple_iphone_7/12759
HTC U12+ 64GB,10400,9500.0,2018/06,24.0,Snapdragon 845,63.7,6 GB,64 GB,microSD,2 TB,3500 mAh,6 inch,2880x1440 pixels,537 ppi,Super LCD 6,1200 萬畫素,1.75,188 g,IP68,,https://www.sogi.com.tw/products/htc_u12_plus/13879
SAMSUNG Galaxy A71,11000,10500.0,2020/02,4.0,Snapdragon 730,43.0,8 GB,128 GB,microSD,512 GB,4500 mAh,6.7 inch,2400x1080 pixels,393 ppi,Super AMOLED Plus,6400 萬畫素,1.8,179 g,,Yes,https://www.sogi.com.tw/products/samsung_galaxy_a71/15259
LG G7+ ThinQ,11000,4999.0,2018/07,23.0,Snapdragon 845,63.7,6 GB,128 GB,microSD,2 TB,3000 mAh,6.1 inch,3120x1440 pixels,563 ppi,IPS,1600 萬畫素,1.6,162 g,IP68,Yes,https://www.sogi.com.tw/products/lg_g7_plus_thinq/13888
HTC U12+ 128GB,11100,11000.0,2018/06,24.0,Snapdragon 845,63.7,6 GB,128 GB,microSD,2 TB,3500 mAh,6 inch,2880x1440 pixels,537 ppi,Super LCD 6,1200 萬畫素,1.75,188 g,IP68,,https://www.sogi.com.tw/products/htc_u12_plus/13880
Apple iPhone 7 128GB,11500,6061.0,2016/09,45.0,A10 Fusion,50.9,,128 GB,,,,4.7 inch,1334x750 pixels,326 ppi,IPS,1200 萬畫素,1.8,138 g,IP67,,https://www.sogi.com.tw/products/apple_iphone_7/12760
LG V30S ThinQ,11800,,2018/05,25.0,Snapdragon 835,44.7,6 GB,128 GB,microSD,2 TB,3300 mAh,6 inch,2880x1440 pixels,537 ppi,OLED,1600 萬畫素,1.6,158 g,IP68,Yes,https://www.sogi.com.tw/products/lg_v30s_thinq/13739
LG Q7+ BTS Edition,11900,,2018/12,18.0,MT6750S,,4 GB,64 GB,microSD,2 TB,3000 mAh,5.5 inch,2160x1080 pixels,439 ppi,IPS,1600 萬畫素,2.2,145 g,IP68,Yes,https://www.sogi.com.tw/products/lg_q7_plus_bts_edition/14395
Apple iPhone 7 Plus 32GB,12490,7975.0,2016/09,45.0,A10 Fusion,50.9,,32 GB,,,,5.5 inch,1920x1080 pixels,401 ppi,IPS,1200 萬畫素,1.8,188 g,IP67,,https://www.sogi.com.tw/products/apple_iphone_7_plus/12762
Apple iPhone SE (2020) 64GB,12900,11998.0,2020/04,2.0,A13 Bionic,124.1,,64 GB,,,,4.7 inch,1334x750 pixels,326 ppi,IPS,1200 萬畫素,1.8,148 g,IP67,,https://www.sogi.com.tw/products/apple_iphone_se_2020/15376
ASUS ROG Phone ZS600KL 512GB,12950,10700.0,2018/09,21.0,Snapdragon 845,63.7,8 GB,512 GB,,,4000 mAh,6 inch,2160x1080 pixels,402 ppi,AMOLED,1200 萬畫素,1.7,200 g,,Yes,https://www.sogi.com.tw/products/asus_rog_phone/13955
小米 小米 9,13290,,2019/04,14.0,Snapdragon 855,80.4,6 GB,128 GB,,,3300 mAh,6.39 inch,2340x1080 pixels,403 ppi,AMOLED,4800 萬畫素,1.75,173 g,,,https://www.sogi.com.tw/products/xiaomi_9/14560
HUAWEI Mate 10 Pro,13349,,2017/11,31.0,Kirin 970,40.1,6 GB,128 GB,,,4000 mAh,6 inch,2160x1080 pixels,402 ppi,OLED,2000 萬畫素,1.6,178 g,IP67,,https://www.sogi.com.tw/products/huawei_mate_10_pro/13566
小米 小米 8 Pro 螢幕指紋版,13470,,2018/10,20.0,Snapdragon 845,63.7,8 GB,128 GB,,,3000 mAh,6.21 inch,2248x1080 pixels,402 ppi,AMOLED,1200 萬畫素,1.8,177 g,,,https://www.sogi.com.tw/products/xiaomi_8_pro/14192
SAMSUNG Galaxy A80,13500,9763.0,2019/06,12.0,Snapdragon 730,43.0,8 GB,128 GB,,,3700 mAh,6.7 inch,2400x1080 pixels,393 ppi,Super AMOLED,4800 萬畫素,2.0,220 g,,,https://www.sogi.com.tw/products/samsung_galaxy_a80/14738
Apple iPhone 7 Plus 128GB,13890,8250.0,2016/09,45.0,A10 Fusion,50.9,,128 GB,,,,5.5 inch,1920x1080 pixels,401 ppi,IPS,1200 萬畫素,1.8,188 g,IP67,,https://www.sogi.com.tw/products/apple_iphone_7_plus/12763
Apple iPhone 8 64GB,14290,7844.0,2017/09,33.0,A11 Bionic,77.2,,64 GB,,,,4.7 inch,1334x750 pixels,326 ppi,IPS,1200 萬畫素,1.8,148 g,IP67,,https://www.sogi.com.tw/products/apple_iphone_8/13502
HUAWEI Mate 10,14300,,2017/11,31.0,Kirin 970,40.1,4 GB,64 GB,microSD,256 GB,4000 mAh,5.9 inch,2560x1440 pixels,498 ppi,LCD,2000 萬畫素,1.6,186 g,IP53,Yes,https://www.sogi.com.tw/products/huawei_mate_10/13567
Sony Xperia XZ3,14600,,2018/10,20.0,Snapdragon 845,63.7,6 GB,64 GB,microSD,512 GB,3300 mAh,6 inch,2880x1440 pixels,537 ppi,OLED,1900 萬畫素,2.0,193 g,IP68,,https://www.sogi.com.tw/products/sony_xperia_xz3/14113
Apple iPhone SE (2020) 128GB,14600,13833.0,2020/04,2.0,A13 Bionic,124.1,,128 GB,,,,4.7 inch,1334x750 pixels,326 ppi,IPS,1200 萬畫素,1.8,148 g,IP67,,https://www.sogi.com.tw/products/apple_iphone_se_2020/15377
SAMSUNG Galaxy Note 10 Lite,14800,,2020/02,4.0,Exynos 9810,59.8,8 GB,128 GB,microSD,1 TB,4500 mAh,6.7 inch,2400x1080 pixels,393 ppi,Super AMOLED,1200 萬畫素,1.7,199 g,,Yes,https://www.sogi.com.tw/products/samsung_galaxy_note10_lite/15272
LG V30+,14880,,2017/12,30.0,Snapdragon 835,44.7,4 GB,128 GB,microSD,2 TB,3300 mAh,6 inch,2880x1440 pixels,537 ppi,OLED,1600 萬畫素,1.6,158 g,IP68,Yes,https://www.sogi.com.tw/products/lg_v30_plus/13469
LG V40 ThinQ,14900,,2019/01,17.0,Snapdragon 845,63.7,6 GB,128 GB,microSD,2 TB,3300 mAh,6.4 inch,3120x1440 pixels,537 ppi,OLED,1200 萬畫素,1.5,169 g,IP68,Yes,https://www.sogi.com.tw/products/lg_v40_thinq/14263
OPPO Reno2,14990,11650.0,2019/10,8.0,Snapdragon 730G,43.0,8 GB,256 GB,microSD,256 GB,4000 mAh,6.5 inch,2400x1080 pixels,405 ppi,AMOLED,4800 萬畫素,1.7,189 g,,Yes,https://www.sogi.com.tw/products/oppo_reno2/15082
HUAWEI P20,15100,8990.0,2018/05,25.0,Kirin 970,40.1,4 GB,128 GB,,,3400 mAh,5.8 inch,2244x1080 pixels,429 ppi,LCD,2000 萬畫素,1.6,165 g,IP53,,https://www.sogi.com.tw/products/huawei_p20/13824
Apple iPhone 8 128GB,15300,11800.0,2019/09,9.0,A11 Bionic,77.2,,64 GB,,,,4.7 inch,1334x750 pixels,326 ppi,IPS,1200 萬畫素,1.8,148 g,IP67,,https://www.sogi.com.tw/products/apple_iphone_8/15169
HUAWEI Mate 20 Pro,15520,10000.0,2018/10,20.0,Kirin 980,70.6,6 GB,128 GB,nanoSD,256 GB,4200 mAh,6.39 inch,3120x1440 pixels,538 ppi,OLED,4000 萬畫素,1.8,189 g,IP68,,https://www.sogi.com.tw/products/huawei_mate_20_pro/14278
ASUS ZenFone 6 ZS630KL 128GB,15800,10700.0,2019/06,12.0,Snapdragon 855,80.4,6 GB,128 GB,microSD,2 TB,5000 mAh,6.4 inch,2340x1080 pixels,403 ppi,IPS,4800 萬畫素,1.79,190 g,,Yes,https://www.sogi.com.tw/products/asus_zenfone_6_zs630kl/14837
vivo NEX 雙螢幕版,16800,,2019/01,17.0,Snapdragon 845,63.7,10 GB,128 GB,,,3500 mAh,6.39 inch,2340x1080 pixels,403 ppi,Super AMOLED,1200 萬畫素,1.79,199.2 g,,,https://www.sogi.com.tw/products/vivo_nex_dualdisplay/14417
Apple iPhone 8 Plus 64GB,16890,10037.0,2017/09,33.0,A11 Bionic,77.2,,64 GB,,,,5.5 inch,1920x1080 pixels,401 ppi,IPS,1200 萬畫素,1.8,202 g,IP67,,https://www.sogi.com.tw/products/apple_iphone_8_plus/13503
ASUS ZenFone 6 ZS630KL 256GB,16900,,2019/06,12.0,Snapdragon 855,80.4,8 GB,256 GB,microSD,2 TB,5000 mAh,6.4 inch,2340x1080 pixels,403 ppi,IPS,4800 萬畫素,1.79,190 g,,Yes,https://www.sogi.com.tw/products/asus_zenfone_6_zs630kl/14813
HUAWEI Mate 20 X,16900,,2019/01,17.0,Kirin 980,70.6,6 GB,128 GB,nanoSD,256 GB,5000 mAh,7.2 inch,2244x1080 pixels,346 ppi,OLED,4000 萬畫素,1.8,232 g,IP53,Yes,https://www.sogi.com.tw/products/huawei_mate20_x/14307
SHARP AQUOS R3,16990,18500.0,2019/08,10.0,Snapdragon 855,80.4,6 GB,128 GB,microSD,512 GB,3200 mAh,6.2 inch,3120x1440 pixels,554 ppi,Pro IGZO,1220 萬畫素,1.7,185 g,IP68,Yes,https://www.sogi.com.tw/products/sharp_aquos_r3/14811
ASUS ZenFone 6 ZS630KL 512GB,17000,,2020/01,5.0,Snapdragon 855,80.4,8 GB,512 GB,microSD,2 TB,5000 mAh,6.4 inch,2340x1080 pixels,403 ppi,IPS,4800 萬畫素,1.79,190 g,,Yes,https://www.sogi.com.tw/products/asus_zenfone_6_zs630kl/15324
Apple iPhone 8 256GB,17000,9966.0,2017/09,33.0,A11 Bionic,77.2,,256 GB,,,,4.7 inch,1334x750 pixels,326 ppi,IPS,1200 萬畫素,1.8,148 g,IP67,,https://www.sogi.com.tw/products/apple_iphone_8/13506
Apple iPhone SE (2020) 256GB,18100,,2020/04,2.0,A13 Bionic,124.1,,256 GB,,,,4.7 inch,1334x750 pixels,326 ppi,IPS,1200 萬畫素,1.8,148 g,IP67,,https://www.sogi.com.tw/products/apple_iphone_se_2020/15378
SAMSUNG Galaxy S10,18500,13473.0,2019/03,15.0,Exynos 9820,78.6,8 GB,128 GB,microSD,512 GB,3400 mAh,6.1 inch,3040x1440 pixels,551 ppi,Dynamic AMOLED,1200 萬畫素,1.5,157 g,IP68,Yes,https://www.sogi.com.tw/products/samsung_galaxy_s10/14530
LG G8X ThinQ,18500,,2019/12,6.0,Snapdragon 855,80.4,6 GB,128 GB,microSD,2 TB,4000 mAh,6.4 inch,2340x1080 pixels,403 ppi,OLED,1200 萬畫素,1.8,192 g,IP68,Yes,https://www.sogi.com.tw/products/lg_g8x_thinq/15138
OPPO Reno 10 倍變焦版 (8GB/256GB),18500,14000.0,2019/06,12.0,Snapdragon 855,80.4,8 GB,256 GB,microSD,256 GB,4065 mAh,6.6 inch,2340x1080 pixels,390 ppi,AMOLED,4800 萬畫素,1.7,215 g,,,https://www.sogi.com.tw/products/oppo_reno/14736
Sony Xperia 5,18600,,2019/10,8.0,Snapdragon 855,80.4,6 GB,128 GB,microSD,512 GB,3140 mAh,6.1 inch,2520x1080 pixels,449 ppi,OLED,1200 萬畫素,1.6,164 g,IP68,,https://www.sogi.com.tw/products/sony_xperia_5/15128
ASUS ZenFone 6 Edition 30 ZS630KL,18620,,2019/08,10.0,Snapdragon 855,80.4,12 GB,512 GB,microSD,2 TB,5000 mAh,6.4 inch,2340x1080 pixels,403 ppi,IPS,4800 萬畫素,1.79,190 g,,Yes,https://www.sogi.com.tw/products/asus_zenfone_6_edition_30/14873
Apple iPhone XR 64GB,18800,13581.0,2018/10,20.0,A12 Bionic,96.1,,64 GB,,,,6.1 inch,1792x828 pixels,324 ppi,LCD,1200 萬畫素,1.8,194 g,IP67,,https://www.sogi.com.tw/products/apple_iphone_xr/14171
Apple iPhone 8 Plus 128GB,18990,17300.0,2019/09,9.0,A11 Bionic,77.2,,64 GB,,,,5.5 inch,1920x1080 pixels,401 ppi,IPS,1200 萬畫素,1.8,202 g,IP67,,https://www.sogi.com.tw/products/apple_iphone_8_plus/15170
Apple iPhone XR 128GB,19500,14860.0,2018/10,20.0,A12 Bionic,96.1,,128 GB,,,,6.1 inch,1792x828 pixels,324 ppi,LCD,1200 萬畫素,1.8,194 g,IP67,,https://www.sogi.com.tw/products/apple_iphone_xr/14172
